pop_number,name,character,product_line,release_year,exclusivity,variant_flags,counts_toward_total,source,source_url,needs_review,notes
3,Spider-Man,Spider-Man,Pop! Marvel,,,,true,funkypriceguide,https://funkypriceguide.com/checklist/funko-pop-spider-man/,false,also listed by: cc
3,Spider-Man Black & White,Spider-Man,Pop! Marvel,,Fugitive Toys,,true,funkypriceguide,https://funkypriceguide.com/checklist/funko-pop-spider-man/,false,also listed by: cc
3,Spider-Man Metallic,Spider-Man,Pop! Marvel,2011,SDCC 2011,metallic,true,funkypriceguide,https://funkypriceguide.com/checklist/funko-pop-spider-man/,false,also listed by: cc
3,Spider-Man Red/Black,Spider-Man,Pop! Marvel,,Hot Topic,,true,funkypriceguide,https://funkypriceguide.com/checklist/funko-pop-spider-man/,false,also listed by: cc
15,Spider-Man,Spider-Man,Pop! Marvel,,,,true,funkypriceguide,https://funkypriceguide.com/checklist/funko-pop-spider-man/,false,also listed by: cc
15,Spider-Man Glow-in-the-Dark Chase,Spider-Man,Pop! Marvel,,Gemini,chase|glow,true,funkypriceguide,https://funkypriceguide.com/checklist/funko-pop-spider-man/,false,also listed by: cc
15,Spider-Man Glow-in-the-Dark Chase,Spider-Man,Pop! Marvel,,Japan,chase|glow,true,funkypriceguide,https://funkypriceguide.com/checklist/funko-pop-spider-man/,false,also listed by: cc
15,Spider-Man Metallic,Spider-Man,Pop! Marvel,,Japan Blu-Ray Set,metallic,true,funkypriceguide,https://funkypriceguide.com/checklist/funko-pop-spider-man/,false,also listed by: cc
15,Spider-Man Metallic,Spider-Man,Pop! Marvel,2012,SDCC 2012,metallic,true,funkypriceguide,https://funkypriceguide.com/checklist/funko-pop-spider-man/,false,also listed by: cc
19,Spider-Man #300 (Comic Cover),Spider-Man,Pop! Marvel,2023,Target Con 2023,,true,funkypriceguide,https://funkypriceguide.com/checklist/funko-pop-spider-man/,false,
34,Peter Parker,Peter Parker,Pop! Marvel,,Comikaze,,true,funkypriceguide,https://funkypriceguide.com/checklist/funko-pop-spider-man/,false,also listed by: cc
35,Spider-Man (Art Series),Spider-Man,Pop! Marvel,,Target,,true,funkypriceguide,https://funkypriceguide.com/checklist/funko-pop-spider-man/,false,
45,Spider-Man,Spider-Man,Pop! Marvel,,,,true,funkypriceguide,https://funkypriceguide.com/checklist/funko-pop-spider-man/,false,also listed by: cc
45,Spider-Man Metallic,Spider-Man,Pop! Marvel,,Japan Premiere,metallic,true,funkypriceguide,https://funkypriceguide.com/checklist/funko-pop-spider-man/,false,also listed by: cc
51,Spider-Man in Spider-Mobile,Spider-Man,Pop! Rides,,Walgreens,,true,funkypriceguide,https://funkypriceguide.com/checklist/funko-pop-spider-man/,true,also listed by: cc; Pop! Rides vehicle; not flagged oversized
79,Black Suit Spider-Man,Spider-Man,Pop! Marvel,,Walgreens,,true,funkypriceguide,https://funkypriceguide.com/checklist/funko-pop-spider-man/,false,also listed by: cc
79,Black Suit Spider-Man Glow-in-the-Dark,Spider-Man,Pop! Marvel,,Walgreens,glow,true,funkypriceguide,https://funkypriceguide.com/checklist/funko-pop-spider-man/,false,also listed by: cc
81,Spider-Man 2099,Spider-Man 2099,Pop! Marvel,,Walgreens,,true,funkypriceguide,https://funkypriceguide.com/checklist/funko-pop-spider-man/,false,also listed by: cc; in the funkypriceguide core checklist but not a Peter Parker Spider-Man figure; flip counts_toward_total to false if the shelf stat should be strictly Peter-only
98,Spider-Man (Miles Morales),Miles Morales,Pop! Marvel,,Marvel Collector Corps (MCC),,true,funkypriceguide,https://funkypriceguide.com/checklist/funko-pop-spider-man/,false,also listed by: cc; in the funkypriceguide core checklist but not a Peter Parker Spider-Man figure; flip counts_toward_total to false if the shelf stat should be strictly Peter-only
107,Iron Spider,Spider-Man,Pop! Marvel,,Walgreens,,true,funkypriceguide,https://funkypriceguide.com/checklist/funko-pop-spider-man/,false,also listed by: cc
160,Spider-Man Action Pose,Spider-Man,Pop! Marvel,,Marvel Collector Corps (MCC),,true,funkypriceguide,https://funkypriceguide.com/checklist/funko-pop-spider-man/,false,also listed by: cc
187,Scarlet Spider,Scarlet Spider,Pop! Marvel,,Walgreens,,true,funkypriceguide,https://funkypriceguide.com/checklist/funko-pop-spider-man/,false,also listed by: cc; in the funkypriceguide core checklist but not a Peter Parker Spider-Man figure; flip counts_toward_total to false if the shelf stat should be strictly Peter-only
195,Spider-Man (Stealth Suit) Glow-in-the-Dark,Spider-Man,Pop! Marvel,,Hot Topic,glow,true,funkypriceguide,https://funkypriceguide.com/checklist/funko-pop-spider-man/,false,also listed by: cc
220,Spider-Man,Spider-Man,Pop! Spider-Man: Homecoming,,,,true,funkypriceguide,https://funkypriceguide.com/checklist/funko-pop-spider-man/,false,"also listed by: cc, psg"
220,Spider-Man (with Web Wings),Spider-Man,Pop! Spider-Man: Homecoming,,Marvel Collector Corps (MCC),,true,funkypriceguide,https://funkypriceguide.com/checklist/funko-pop-spider-man/,false,"also listed by: cc, psg"
221,Spider-Man (Unmasked),Spider-Man,Pop! Spider-Man: Homecoming,,Hot Topic,,true,funkypriceguide,https://funkypriceguide.com/checklist/funko-pop-spider-man/,false,"also listed by: cc, psg"
222,Spider-Man (Homemade Suit),Spider-Man,Pop! Spider-Man: Homecoming,,,,true,funkypriceguide,https://funkypriceguide.com/checklist/funko-pop-spider-man/,false,"also listed by: cc, psg"
223,Spider-Man (Homemade Suit) (Unmasked),Spider-Man,Pop! Spider-Man: Homecoming,,Walmart,,true,funkypriceguide,https://funkypriceguide.com/checklist/funko-pop-spider-man/,false,"also listed by: cc, psg"
224,Peter Parker,Peter Parker,Pop! Spider-Man: Homecoming,,,,true,funkypriceguide,https://funkypriceguide.com/checklist/funko-pop-spider-man/,false,"also listed by: cc, psg"
225,Tony Stark (Holding Helmet),Tony Stark,Pop! Spider-Man: Homecoming,,SDCC 2017,,false,popshopguide,https://www.popshopguide.com/funko-pop-checklists/pop-marvel-checklist/pop-spider-man-homecoming-checklist/,false,
226,Tony Stark,Tony Stark,Pop! Spider-Man: Homecoming,,,,false,popshopguide,https://www.popshopguide.com/funko-pop-checklists/pop-marvel-checklist/pop-spider-man-homecoming-checklist/,false,
227,Vulture,Vulture,Pop! Spider-Man: Homecoming,,,,false,popshopguide,https://www.popshopguide.com/funko-pop-checklists/pop-marvel-checklist/pop-spider-man-homecoming-checklist/,false,
227,Vulture (Glow),Vulture,Pop! Spider-Man: Homecoming,,GameStop,glow,false,popshopguide,https://www.popshopguide.com/funko-pop-checklists/pop-marvel-checklist/pop-spider-man-homecoming-checklist/,false,
233,Superior Spider-Man,Superior Spider-Man,Pop! Marvel,,Walgreens,,true,funkypriceguide,https://funkypriceguide.com/checklist/funko-pop-spider-man/,false,also listed by: cc; in the funkypriceguide core checklist but not a Peter Parker Spider-Man figure; flip counts_toward_total to false if the shelf stat should be strictly Peter-only
259,Spider-Man (Hanging),Spider-Man,Pop! Spider-Man: Homecoming,,Walmart,,true,funkypriceguide,https://funkypriceguide.com/checklist/funko-pop-spider-man/,false,"also listed by: cc, psg"
265,Spider-Man (with Headphones),Spider-Man,Pop! Spider-Man: Homecoming,,,,true,funkypriceguide,https://funkypriceguide.com/checklist/funko-pop-spider-man/,false,"also listed by: cc, psg"
270,Spider-Man (Big Time Suit),Spider-Man,Pop! Marvel,,Walgreens,,true,funkypriceguide,https://funkypriceguide.com/checklist/funko-pop-spider-man/,false,also listed by: cc
287,Iron Spider,Spider-Man,Pop! Marvel,,,,true,funkypriceguide,https://funkypriceguide.com/checklist/funko-pop-spider-man/,false,also listed by: cc
287,Iron Spider Red Chrome,Spider-Man,Pop! Marvel,,Popcultcha,metallic,true,funkypriceguide,https://funkypriceguide.com/checklist/funko-pop-spider-man/,false,also listed by: cc
300,Iron Spider with Spider Legs,Spider-Man,Pop! Marvel,,Target,,true,funkypriceguide,https://funkypriceguide.com/checklist/funko-pop-spider-man/,false,also listed by: cc
302,Gwenom Spider-Man,Gwenom,Pop! Marvel,,,,true,funkypriceguide,https://funkypriceguide.com/checklist/funko-pop-spider-man/,false,also listed by: cc; in the funkypriceguide core checklist but not a Peter Parker Spider-Man figure; flip counts_toward_total to false if the shelf stat should be strictly Peter-only
305,Iron Spider Unmasked,Spider-Man,Pop! Marvel,,BoxLunch,,true,funkypriceguide,https://funkypriceguide.com/checklist/funko-pop-spider-man/,false,also listed by: cc
313,Six Arm Spider-Man,Spider-Man,Pop! Marvel,,Walgreens,,true,funkypriceguide,https://funkypriceguide.com/checklist/funko-pop-spider-man/,false,also listed by: cc
334,Spider-Man (White Spider),Spider-Man,Pop! Spider-Man (Gamerverse),,GameStop,,true,funkypriceguide,https://funkypriceguide.com/checklist/funko-pop-spider-man/,false,"also listed by: cc, psg"
395,Spider-Man (Unmasked),Spider-Man,Pop! Spider-Man (Gamerverse),,,,true,funkypriceguide,https://funkypriceguide.com/checklist/funko-pop-spider-man/,true,"name disagreement: fpg='Spider-Man'; psg='Spider-Man (Unmasked)'; cc='Spider-Man (White-Spider) Gamerverse'; also listed by: cc, psg"
396,Mary Jane,Mary Jane,Pop! Spider-Man (Gamerverse),,,,false,popshopguide,https://www.popshopguide.com/funko-pop-checklists/pop-marvel-checklist/pop-spider-man-gamerverse-checklist/,false,
397,Miles Morales,Miles Morales,Pop! Spider-Man (Gamerverse),,,,true,funkypriceguide,https://funkypriceguide.com/checklist/funko-pop-spider-man/,true,"also listed by: cc, psg; funkypriceguide and cardboardconnection both reuse #397 for two different figures (Miles Morales Gamerverse and Spider-Man Holiday); in the funkypriceguide core checklist but not a Peter Parker Spider-Man figure; flip counts_toward_total to false if the shelf stat should be strictly Peter-only"
397,Spider-Man Holiday,Spider-Man,Pop! Marvel,,,,true,funkypriceguide,https://funkypriceguide.com/checklist/funko-pop-spider-man/,true,also listed by: cc; funkypriceguide and cardboardconnection both reuse #397 for two different figures (Miles Morales Gamerverse and Spider-Man Holiday)
398,Mister Negative,Mister Negative,Pop! Spider-Man (Gamerverse),,,,false,popshopguide,https://www.popshopguide.com/funko-pop-checklists/pop-marvel-checklist/pop-spider-man-gamerverse-checklist/,false,
399,Spider-Man (Negative Suit) (Glow),Spider-Man,Pop! Spider-Man (Gamerverse),,GameStop,glow,true,funkypriceguide,https://funkypriceguide.com/checklist/funko-pop-spider-man/,true,"name disagreement: fpg='Spider-Man (Glows In The Dark)'; psg='Spider-Man (Negative Suit) (Glow)'; cc='Spider-Man Glow-in-the-Dark Gamerverse'; also listed by: cc, psg"
402,Miles Morales,Miles Morales,Pop! Spider-Man: Into the Spider-Verse,,,,true,funkypriceguide,https://funkypriceguide.com/checklist/funko-pop-spider-man/,false,"also listed by: cc, psg; in the funkypriceguide core checklist but not a Peter Parker Spider-Man figure; flip counts_toward_total to false if the shelf stat should be strictly Peter-only"
402,Miles Morales Translucent,Miles Morales,Pop! Spider-Man: Into the Spider-Verse,,Foot Locker,translucent,true,funkypriceguide,https://funkypriceguide.com/checklist/funko-pop-spider-man/,false,also listed by: cc; in the funkypriceguide core checklist but not a Peter Parker Spider-Man figure; flip counts_toward_total to false if the shelf stat should be strictly Peter-only
403,Miles Morales (Unmasked),Miles Morales,Pop! Spider-Man: Into the Spider-Verse,,,,true,funkypriceguide,https://funkypriceguide.com/checklist/funko-pop-spider-man/,false,"also listed by: cc, psg; in the funkypriceguide core checklist but not a Peter Parker Spider-Man figure; flip counts_toward_total to false if the shelf stat should be strictly Peter-only"
404,Peter Parker,Peter Parker,Pop! Spider-Man: Into the Spider-Verse,,,,true,funkypriceguide,https://funkypriceguide.com/checklist/funko-pop-spider-man/,false,"also listed by: cc, psg"
405,Spider-Gwen,Spider-Gwen,Pop! Spider-Man: Into the Spider-Verse,,,,false,popshopguide,https://www.popshopguide.com/funko-pop-checklists/pop-marvel-checklist/pop-spider-man-into-the-spider-verse-checklist/,false,
406,Spider-Man Noir (with Hat),Spider-Man Noir,Pop! Spider-Man: Into the Spider-Verse,,,,true,funkypriceguide,https://funkypriceguide.com/checklist/funko-pop-spider-man/,false,"also listed by: cc, psg; in the funkypriceguide core checklist but not a Peter Parker Spider-Man figure; flip counts_toward_total to false if the shelf stat should be strictly Peter-only"
407,Prowler,Prowler,Pop! Spider-Man: Into the Spider-Verse,,,,false,popshopguide,https://www.popshopguide.com/funko-pop-checklists/pop-marvel-checklist/pop-spider-man-into-the-spider-verse-checklist/,false,
408,Green Goblin,Green Goblin,Pop! Spider-Man: Into the Spider-Verse,,,,false,popshopguide,https://www.popshopguide.com/funko-pop-checklists/pop-marvel-checklist/pop-spider-man-into-the-spider-verse-checklist/,false,
408,Green Goblin (10 inch),Green Goblin,Pop! Spider-Man: Into the Spider-Verse,,Target,oversized,false,popshopguide,https://www.popshopguide.com/funko-pop-checklists/pop-marvel-checklist/pop-spider-man-into-the-spider-verse-checklist/,false,
409,Spider-Man Noir (without Hat),Spider-Man Noir,Pop! Spider-Man: Into the Spider-Verse,,Walgreens,,true,funkypriceguide,https://funkypriceguide.com/checklist/funko-pop-spider-man/,false,"also listed by: cc, psg; in the funkypriceguide core checklist but not a Peter Parker Spider-Man figure; flip counts_toward_total to false if the shelf stat should be strictly Peter-only"
410,Spider-Ham,Spider-Ham,Pop! Spider-Man: Into the Spider-Verse,,Walgreens,,true,funkypriceguide,https://funkypriceguide.com/checklist/funko-pop-spider-man/,false,"also listed by: cc, psg; in the funkypriceguide core checklist but not a Peter Parker Spider-Man figure; flip counts_toward_total to false if the shelf stat should be strictly Peter-only"
440,Iron Spider Gold Chrome,Spider-Man,Pop! Marvel,,Fan Vote Winner,metallic,true,funkypriceguide,https://funkypriceguide.com/checklist/funko-pop-spider-man/,true,exclusivity conflict: fpg='Fan Vote Winner'; cc='Marvel Studios 10 Years'; also listed by: cc
468,Spider-Man (Hero Suit),Spider-Man,Pop! Spider-Man: Far From Home,,,,true,funkypriceguide,https://funkypriceguide.com/checklist/funko-pop-spider-man/,false,"also listed by: cc, psg"
469,Spider-Man (Stealth Suit),Spider-Man,Pop! Spider-Man: Far From Home,,,,true,funkypriceguide,https://funkypriceguide.com/checklist/funko-pop-spider-man/,false,"also listed by: cc, psg"
470,Spider-Man (Upgraded Suit),Spider-Man,Pop! Spider-Man: Far From Home,,,,true,funkypriceguide,https://funkypriceguide.com/checklist/funko-pop-spider-man/,false,"also listed by: cc, psg"
471,MJ,MJ,Pop! Spider-Man: Far From Home,,,,false,popshopguide,https://www.popshopguide.com/funko-pop-checklists/pop-marvel-checklist/pop-spider-man-far-from-home-checklist/,false,
472,Happy Hogan,Happy Hogan,Pop! Spider-Man: Far From Home,,,,false,popshopguide,https://www.popshopguide.com/funko-pop-checklists/pop-marvel-checklist/pop-spider-man-far-from-home-checklist/,false,
473,Mysterio,Mysterio,Pop! Spider-Man: Far From Home,,,,false,popshopguide,https://www.popshopguide.com/funko-pop-checklists/pop-marvel-checklist/pop-spider-man-far-from-home-checklist/,false,
473,Mysterio (Glow),Mysterio,Pop! Spider-Man: Far From Home,,Walmart,glow,false,popshopguide,https://www.popshopguide.com/funko-pop-checklists/pop-marvel-checklist/pop-spider-man-far-from-home-checklist/,false,
473,Mysterio (Lights Up),Mysterio,Pop! Spider-Man: Far From Home,,Marvel Collector Corps (MCC),,false,popshopguide,https://www.popshopguide.com/funko-pop-checklists/pop-marvel-checklist/pop-spider-man-far-from-home-checklist/,false,
474,Molten Man,Molten Man,Pop! Spider-Man: Far From Home,,,,false,popshopguide,https://www.popshopguide.com/funko-pop-checklists/pop-marvel-checklist/pop-spider-man-far-from-home-checklist/,false,
474,Molten Man (Glow),Molten Man,Pop! Spider-Man: Far From Home,,GameStop,glow,false,popshopguide,https://www.popshopguide.com/funko-pop-checklists/pop-marvel-checklist/pop-spider-man-far-from-home-checklist/,false,
475,Hydro-Man,Hydro-Man,Pop! Spider-Man: Far From Home,,,,false,popshopguide,https://www.popshopguide.com/funko-pop-checklists/pop-marvel-checklist/pop-spider-man-far-from-home-checklist/,false,
475,Hydro-Man (Glow),Hydro-Man,Pop! Spider-Man: Far From Home,,Barnes & Noble,glow,false,popshopguide,https://www.popshopguide.com/funko-pop-checklists/pop-marvel-checklist/pop-spider-man-far-from-home-checklist/,false,
476,"Spider-Man (Stealth Suit, Goggles Up)",Spider-Man,Pop! Spider-Man: Far From Home,,Target,,true,funkypriceguide,https://funkypriceguide.com/checklist/funko-pop-spider-man/,false,"also listed by: cc, psg"
477,Mysterio (without Helmet),Mysterio,Pop! Spider-Man: Far From Home,,Hot Topic,,false,popshopguide,https://www.popshopguide.com/funko-pop-checklists/pop-marvel-checklist/pop-spider-man-far-from-home-checklist/,false,
485,Spider-Man (Borrowed Jersey),Spider-Man,Pop! Spider-Man: Far From Home,,Marvel Collector Corps (MCC) / Amazon,,true,funkypriceguide,https://funkypriceguide.com/checklist/funko-pop-spider-man/,false,"also listed by: cc, psg"
495,Spider-Man Patina,Spider-Man,Pop! Marvel,,Target,,true,funkypriceguide,https://funkypriceguide.com/checklist/funko-pop-spider-man/,true,also listed by: cc; patina is a finish with no matching flag in the allowed variant set; left unflagged
503,Spider-Punk,Spider-Punk,Pop! Spider-Man (Gamerverse),,PX Previews,,true,funkypriceguide,https://funkypriceguide.com/checklist/funko-pop-spider-man/,false,"also listed by: cc, psg; in the funkypriceguide core checklist but not a Peter Parker Spider-Man figure; flip counts_toward_total to false if the shelf stat should be strictly Peter-only"
520,Octo-Spidey,Spider-Man,Pop! Marvel,,Walgreens,,true,funkypriceguide,https://funkypriceguide.com/checklist/funko-pop-spider-man/,false,also listed by: cc
521,Spider-Man from Future Foundation,Spider-Man,Pop! Marvel,,Walgreens,,true,funkypriceguide,https://funkypriceguide.com/checklist/funko-pop-spider-man/,false,also listed by: cc
522,Spider-Man Bombastic Bag-Man,Spider-Man,Pop! Marvel,,Walgreens,,true,funkypriceguide,https://funkypriceguide.com/checklist/funko-pop-spider-man/,true,"also listed by: cc; cardboardconnection lists #522 twice, the second row duplicating #521's name; that erroneous duplicate row was dropped during the merge"
523,Scarlet Spider (Kaine Parker),Scarlet Spider,Pop! Marvel,,Walgreens,,true,funkypriceguide,https://funkypriceguide.com/checklist/funko-pop-spider-man/,false,also listed by: cc; in the funkypriceguide core checklist but not a Peter Parker Spider-Man figure; flip counts_toward_total to false if the shelf stat should be strictly Peter-only
529,Miles Morales (Casual),Miles Morales,Pop! Spider-Man: Into the Spider-Verse,,PX Previews,,true,funkypriceguide,https://funkypriceguide.com/checklist/funko-pop-spider-man/,false,"also listed by: cc, psg; in the funkypriceguide core checklist but not a Peter Parker Spider-Man figure; flip counts_toward_total to false if the shelf stat should be strictly Peter-only"
541,Miles Morales Gamer,Miles Morales,Pop! Marvel,2019,GameStop,,true,funkypriceguide,https://funkypriceguide.com/checklist/funko-pop-spider-man/,false,also listed by: cc; in the funkypriceguide core checklist but not a Peter Parker Spider-Man figure; flip counts_toward_total to false if the shelf stat should be strictly Peter-only
542,Miles Morales Gamer Unmasked Chase,Miles Morales,Pop! Marvel,2019,GameStop,chase,true,funkypriceguide,https://funkypriceguide.com/checklist/funko-pop-spider-man/,false,also listed by: cc; in the funkypriceguide core checklist but not a Peter Parker Spider-Man figure; flip counts_toward_total to false if the shelf stat should be strictly Peter-only
574,Iron Spider with Nano Gauntlet,Spider-Man,Pop! Marvel,,,,true,funkypriceguide,https://funkypriceguide.com/checklist/funko-pop-spider-man/,false,also listed by: cc
593,Spider-Man,Spider-Man,Pop! Marvel,,Hot Topic,,true,funkypriceguide,https://funkypriceguide.com/checklist/funko-pop-spider-man/,false,
593,Spider-Man Diamond Collection BoxLunch,Spider-Man,Pop! Marvel,,BoxLunch,diamond,true,funkypriceguide,https://funkypriceguide.com/checklist/funko-pop-spider-man/,false,
593,Spider-Man First Appearance (80 Years),Spider-Man,Pop! Marvel,,,,true,funkypriceguide,https://funkypriceguide.com/checklist/funko-pop-spider-man/,true,name disagreement: fpg='Spider-Man (Common)'; cc='Spider-Man First Appearance (80 Years)'; also listed by: cc
593,Spider-Man First Appearance Metallic,Spider-Man,Pop! Marvel,,Hot Topic,metallic,true,funkypriceguide,https://funkypriceguide.com/checklist/funko-pop-spider-man/,false,also listed by: cc
598,Venomized Spider-Man,Venomized Spider-Man,Pop! Spider-Man: Maximum Venom,,Walmart,,true,funkypriceguide,https://funkypriceguide.com/checklist/funko-pop-spider-man/,false,"also listed by: cc, psg"
599,Venomized Captain Marvel,Venomized Captain Marvel,Pop! Spider-Man: Maximum Venom,,,,false,popshopguide,https://www.popshopguide.com/funko-pop-checklists/pop-marvel-checklist/pop-spider-man-maximum-venom-checklist/,false,
600,Venomized Miles Morales,Venomized Miles Morales,Pop! Spider-Man: Maximum Venom,,,,true,funkypriceguide,https://funkypriceguide.com/checklist/funko-pop-spider-man/,false,"also listed by: cc, psg; in the funkypriceguide core checklist but not a Peter Parker Spider-Man figure; flip counts_toward_total to false if the shelf stat should be strictly Peter-only"
601,Venomized Groot,Venomized Groot,Pop! Spider-Man: Maximum Venom,,,,false,popshopguide,https://www.popshopguide.com/funko-pop-checklists/pop-marvel-checklist/pop-spider-man-maximum-venom-checklist/,false,
602,Venomized Doctor Strange,Venomized Doctor Strange,Pop! Spider-Man: Maximum Venom,,,,false,popshopguide,https://www.popshopguide.com/funko-pop-checklists/pop-marvel-checklist/pop-spider-man-maximum-venom-checklist/,false,
602,Venomized Doctor Strange (Glow),Venomized Doctor Strange,Pop! Spider-Man: Maximum Venom,,Amazon,glow,false,popshopguide,https://www.popshopguide.com/funko-pop-checklists/pop-marvel-checklist/pop-spider-man-maximum-venom-checklist/,false,
613,Venomized Groot (10 inch),Venomized Groot,Pop! Spider-Man: Maximum Venom,,,oversized,false,popshopguide,https://www.popshopguide.com/funko-pop-checklists/pop-marvel-checklist/pop-spider-man-maximum-venom-checklist/,false,
614,Spider-Man (Captain Universe),Spider-Man,Pop! Marvel,,Entertainment Earth,,true,funkypriceguide,https://funkypriceguide.com/checklist/funko-pop-spider-man/,false,also listed by: cc
617,Spider-Man,Spider-Man,Pop! Marvel,,,,true,funkypriceguide,https://funkypriceguide.com/checklist/funko-pop-spider-man/,false,
621,J. Jonah Jameson,J. Jonah Jameson,Pop! Spider-Man: Far From Home,,Pop In A Box,,false,popshopguide,https://www.popshopguide.com/funko-pop-checklists/pop-marvel-checklist/pop-spider-man-far-from-home-checklist/,false,
625,Venom vs. Spider-Man Comic Moments,Spider-Man,Pop! Marvel,,PX Previews,,true,funkypriceguide,https://funkypriceguide.com/checklist/funko-pop-spider-man/,true,also listed by: cc; single-box two-character comic-moments diorama; NOT flagged multipack (judgement call carried over from the funkypriceguide extraction)
652,Spider-Man Black Light,Spider-Man,Pop! Marvel,,Target,blacklight,true,funkypriceguide,https://funkypriceguide.com/checklist/funko-pop-spider-man/,false,also listed by: cc
670,Spider-Armor MKIII,Spider-Man,Pop! Marvel,,Walgreens,,true,funkypriceguide,https://funkypriceguide.com/checklist/funko-pop-spider-man/,false,also listed by: cc
672,Spider-Man with Pizza,Spider-Man,Pop! Marvel,,BoxLunch,,true,funkypriceguide,https://funkypriceguide.com/checklist/funko-pop-spider-man/,false,also listed by: cc
693,Captain America,Captain America,Pop! Spider-Man: Homecoming,,Marvel Collector Corps (MCC),,false,popshopguide,https://www.popshopguide.com/funko-pop-checklists/pop-marvel-checklist/pop-spider-man-homecoming-checklist/,false,
719,Spider-Man Wood Deco,Spider-Man,Pop! Marvel,,Entertainment Earth,,true,funkypriceguide,https://funkypriceguide.com/checklist/funko-pop-spider-man/,false,also listed by: cc
723,Cyborg Spider-Man,Spider-Man,Pop! Marvel,,Target,,true,funkypriceguide,https://funkypriceguide.com/checklist/funko-pop-spider-man/,false,also listed by: cc
725,Spider-Man (Symbiote Suit) GITD,Spider-Man,Pop! Marvel,,Funko Shop,glow,true,funkypriceguide,https://funkypriceguide.com/checklist/funko-pop-spider-man/,false,also listed by: cc
761,Spider-Man 2099,Spider-Man 2099,Pop! Marvel,2021,2021 Emerald City Comic Con / Walgreens,,true,funkypriceguide,https://funkypriceguide.com/checklist/funko-pop-spider-man/,false,also listed by: cc; in the funkypriceguide core checklist but not a Peter Parker Spider-Man figure; flip counts_toward_total to false if the shelf stat should be strictly Peter-only
762,Spider-Man (Street Art),Spider-Man,Pop! Marvel,,GameStop,,true,funkypriceguide,https://funkypriceguide.com/checklist/funko-pop-spider-man/,false,
765,Miles Morales (Classic Suit),Miles Morales,Pop! Spider-Man: Miles Morales (Gamerverse),,,,true,funkypriceguide,https://funkypriceguide.com/checklist/funko-pop-spider-man/,false,"also listed by: cc, psg; in the funkypriceguide core checklist but not a Peter Parker Spider-Man figure; flip counts_toward_total to false if the shelf stat should be strictly Peter-only"
765,Miles Morales (Classic Suit) (Chase),Miles Morales,Pop! Spider-Man: Miles Morales (Gamerverse),,,chase,true,funkypriceguide,https://funkypriceguide.com/checklist/funko-pop-spider-man/,false,"also listed by: cc, psg; in the funkypriceguide core checklist but not a Peter Parker Spider-Man figure; flip counts_toward_total to false if the shelf stat should be strictly Peter-only"
766,Miles Morales (S.T.R.I.K.E. Suit),Miles Morales,Pop! Spider-Man: Miles Morales (Gamerverse),,,,true,funkypriceguide,https://funkypriceguide.com/checklist/funko-pop-spider-man/,false,"also listed by: cc, psg; in the funkypriceguide core checklist but not a Peter Parker Spider-Man figure; flip counts_toward_total to false if the shelf stat should be strictly Peter-only"
767,Miles Morales (Bodega Cat Suit),Miles Morales,Pop! Spider-Man: Miles Morales (Gamerverse),,,,true,funkypriceguide,https://funkypriceguide.com/checklist/funko-pop-spider-man/,false,"also listed by: cc, psg; in the funkypriceguide core checklist but not a Peter Parker Spider-Man figure; flip counts_toward_total to false if the shelf stat should be strictly Peter-only"
768,Miles Morales (T.R.A.C.K. Suit),Miles Morales,Pop! Spider-Man: Miles Morales (Gamerverse),,,,true,funkypriceguide,https://funkypriceguide.com/checklist/funko-pop-spider-man/,false,"also listed by: cc, psg; in the funkypriceguide core checklist but not a Peter Parker Spider-Man figure; flip counts_toward_total to false if the shelf stat should be strictly Peter-only"
769,Miles Morales (2020 Suit),Miles Morales,Pop! Spider-Man: Miles Morales (Gamerverse),,,,true,funkypriceguide,https://funkypriceguide.com/checklist/funko-pop-spider-man/,false,"also listed by: cc, psg; in the funkypriceguide core checklist but not a Peter Parker Spider-Man figure; flip counts_toward_total to false if the shelf stat should be strictly Peter-only"
770,Miles Morales (Crimson Cowl Suit),Miles Morales,Pop! Spider-Man: Miles Morales (Gamerverse),,,,true,funkypriceguide,https://funkypriceguide.com/checklist/funko-pop-spider-man/,false,"also listed by: cc, psg; in the funkypriceguide core checklist but not a Peter Parker Spider-Man figure; flip counts_toward_total to false if the shelf stat should be strictly Peter-only"
771,Miles Morales (Winter Suit),Miles Morales,Pop! Spider-Man: Miles Morales (Gamerverse),,,,true,funkypriceguide,https://funkypriceguide.com/checklist/funko-pop-spider-man/,false,"also listed by: cc, psg; in the funkypriceguide core checklist but not a Peter Parker Spider-Man figure; flip counts_toward_total to false if the shelf stat should be strictly Peter-only"
772,Miles Morales (Advanced Tech Suit),Miles Morales,Pop! Spider-Man: Miles Morales (Gamerverse),,,,true,funkypriceguide,https://funkypriceguide.com/checklist/funko-pop-spider-man/,false,"also listed by: cc, psg; in the funkypriceguide core checklist but not a Peter Parker Spider-Man figure; flip counts_toward_total to false if the shelf stat should be strictly Peter-only"
773,Miles Morales (Programmable Matter Suit),Miles Morales,Pop! Spider-Man: Miles Morales (Gamerverse),,,,true,funkypriceguide,https://funkypriceguide.com/checklist/funko-pop-spider-man/,false,"also listed by: cc, psg; in the funkypriceguide core checklist but not a Peter Parker Spider-Man figure; flip counts_toward_total to false if the shelf stat should be strictly Peter-only"
774,Miles Morales (Winter Suit Hanging),Miles Morales,Pop! Spider-Man: Miles Morales (Gamerverse),,Hot Topic,,true,funkypriceguide,https://funkypriceguide.com/checklist/funko-pop-spider-man/,false,"also listed by: cc, psg; in the funkypriceguide core checklist but not a Peter Parker Spider-Man figure; flip counts_toward_total to false if the shelf stat should be strictly Peter-only"
775,Miles Morales (Programmable Matter Suit) (Glow),Miles Morales,Pop! Spider-Man: Miles Morales (Gamerverse),,GameStop,glow,true,funkypriceguide,https://funkypriceguide.com/checklist/funko-pop-spider-man/,false,"also listed by: cc, psg; in the funkypriceguide core checklist but not a Peter Parker Spider-Man figure; flip counts_toward_total to false if the shelf stat should be strictly Peter-only"
839,Miles Morales (Purple Reign Suit),Miles Morales,Pop! Spider-Man: Miles Morales (Gamerverse),,,,true,funkypriceguide,https://funkypriceguide.com/checklist/funko-pop-spider-man/,false,"also listed by: cc, psg; cardboardconnection listed this row unnumbered; pop_number assigned from the matching funkypriceguide/popshopguide entry; in the funkypriceguide core checklist but not a Peter Parker Spider-Man figure; flip counts_toward_total to false if the shelf stat should be strictly Peter-only"
840,Miles Morales (Programmable Matter Suit) (Levitating) (Glow),Miles Morales,Pop! Spider-Man: Miles Morales (Gamerverse),,GameStop,glow,true,funkypriceguide,https://funkypriceguide.com/checklist/funko-pop-spider-man/,false,"also listed by: cc, psg; cardboardconnection listed this row unnumbered; pop_number assigned from the matching funkypriceguide/popshopguide entry; in the funkypriceguide core checklist but not a Peter Parker Spider-Man figure; flip counts_toward_total to false if the shelf stat should be strictly Peter-only"
842,Venomized Ironheart,Venomized Ironheart,Pop! Spider-Man: Maximum Venom,,Pop In A Box,,false,popshopguide,https://www.popshopguide.com/funko-pop-checklists/pop-marvel-checklist/pop-spider-man-maximum-venom-checklist/,false,
842,Venomized Ironheart (Chase – Glow),Venomized Ironheart,Pop! Spider-Man: Maximum Venom,,Pop In A Box,chase|glow,false,popshopguide,https://www.popshopguide.com/funko-pop-checklists/pop-marvel-checklist/pop-spider-man-maximum-venom-checklist/,false,
911,Spider-Man Black & Gold Suit,Spider-Man,Pop! Spider-Man: No Way Home,,,,true,funkypriceguide,https://funkypriceguide.com/checklist/funko-pop-spider-man/,false,"also listed by: cc, psg"
912,Doctor Strange,Doctor Strange,Pop! Spider-Man: No Way Home,,,,false,popshopguide,https://www.popshopguide.com/funko-pop-checklists/pop-marvel-checklist/pop-spider-man-no-way-home-checklist/,false,also listed by: cc
913,Spider-Man Integrated Suit,Spider-Man,Pop! Spider-Man: No Way Home,,,,true,funkypriceguide,https://funkypriceguide.com/checklist/funko-pop-spider-man/,false,"also listed by: cc, psg"
921,Spider-Man Black & Gold Suit (10 inch),Spider-Man,Pop! Spider-Man: No Way Home,,Target,oversized,true,funkypriceguide,https://funkypriceguide.com/checklist/funko-pop-spider-man/,false,"also listed by: cc, psg"
923,Spider-Man Ungraded Suit,Spider-Man,Pop! Spider-Man: No Way Home,,,,true,funkypriceguide,https://funkypriceguide.com/checklist/funko-pop-spider-man/,true,"also listed by: cc, psg; both popshopguide and cardboardconnection print 'Ungraded Suit'; this is almost certainly a typo for 'Upgraded Suit' - kept as printed"
924,MJ,MJ,Pop! Spider-Man: No Way Home,,,,false,popshopguide,https://www.popshopguide.com/funko-pop-checklists/pop-marvel-checklist/pop-spider-man-no-way-home-checklist/,false,
925,Ned,Ned,Pop! Spider-Man: No Way Home,,,,false,popshopguide,https://www.popshopguide.com/funko-pop-checklists/pop-marvel-checklist/pop-spider-man-no-way-home-checklist/,false,
932,Spider-Man (Japanese TV Series),Spider-Man,Pop! Marvel,,PX Previews,,true,funkypriceguide,https://funkypriceguide.com/checklist/funko-pop-spider-man/,false,
932,Spider-Man (Japanese TV Series) (Glow Chase),Spider-Man,Pop! Marvel,,PX Previews,chase|glow,true,funkypriceguide,https://funkypriceguide.com/checklist/funko-pop-spider-man/,false,
939,Gingerbread Spider-Man,Spider-Man,Pop! Marvel,,,,true,funkypriceguide,https://funkypriceguide.com/checklist/funko-pop-spider-man/,false,
956,Spider-Man,Spider-Man,Pop! Marvel,,Target,,true,funkypriceguide,https://funkypriceguide.com/checklist/funko-pop-spider-man/,false,
961,Doppelganger Spider-Man,Doppelganger Spider-Man,Pop! Marvel,,LA Comic Con,,true,funkypriceguide,https://funkypriceguide.com/checklist/funko-pop-spider-man/,false,in the funkypriceguide core checklist but not a Peter Parker Spider-Man figure; flip counts_toward_total to false if the shelf stat should be strictly Peter-only
966,Poison Spider-Man (Glow Chase),Poison Spider-Man,Pop! Marvel,,Entertainment Earth,chase|glow,true,funkypriceguide,https://funkypriceguide.com/checklist/funko-pop-spider-man/,false,in the funkypriceguide core checklist but not a Peter Parker Spider-Man figure; flip counts_toward_total to false if the shelf stat should be strictly Peter-only
970,Miles Morales (Upgraded Suit),Miles Morales,Pop! Spider-Man 2 (Gamerverse),,,,false,popshopguide,https://www.popshopguide.com/funko-pop-checklists/pop-marvel-checklist/pop-spider-man-2-gamerverse-checklist/,false,
971,Peter Parker (Advanced Suit 2.0),Peter Parker,Pop! Spider-Man 2 (Gamerverse),,,,false,popshopguide,https://www.popshopguide.com/funko-pop-checklists/pop-marvel-checklist/pop-spider-man-2-gamerverse-checklist/,false,
972,Venom,Venom,Pop! Spider-Man 2 (Gamerverse),,,,false,popshopguide,https://www.popshopguide.com/funko-pop-checklists/pop-marvel-checklist/pop-spider-man-2-gamerverse-checklist/,false,
973,Kraven,Kraven,Pop! Spider-Man 2 (Gamerverse),,,,false,popshopguide,https://www.popshopguide.com/funko-pop-checklists/pop-marvel-checklist/pop-spider-man-2-gamerverse-checklist/,false,
974,Peter Parker (Velocity Suit),Peter Parker,Pop! Spider-Man 2 (Gamerverse),,Entertainment Earth,,false,popshopguide,https://www.popshopguide.com/funko-pop-checklists/pop-marvel-checklist/pop-spider-man-2-gamerverse-checklist/,false,
975,Peter Parker (Symbiote Suit),Peter Parker,Pop! Spider-Man 2 (Gamerverse),,Funko Shop,,false,popshopguide,https://www.popshopguide.com/funko-pop-checklists/pop-marvel-checklist/pop-spider-man-2-gamerverse-checklist/,false,
976,Miles Morales (Evolved Suit),Miles Morales,Pop! Spider-Man 2 (Gamerverse),,GameStop,,false,popshopguide,https://www.popshopguide.com/funko-pop-checklists/pop-marvel-checklist/pop-spider-man-2-gamerverse-checklist/,false,
978,Spider-Man Integrated Suit (10 inch),Spider-Man,Pop! Spider-Man: No Way Home,,Walmart,oversized,false,popshopguide,https://www.popshopguide.com/funko-pop-checklists/pop-marvel-checklist/pop-spider-man-no-way-home-checklist/,false,
1019,Venom (with Wings) (Pop! Plus),Venom,Pop! Spider-Man 2 (Gamerverse),,Funko Shop,oversized,false,popshopguide,https://www.popshopguide.com/funko-pop-checklists/pop-marvel-checklist/pop-spider-man-2-gamerverse-checklist/,false,
1025,Anti-Venom Suit Peter Parker,Peter Parker,Pop! Spider-Man 2 (Gamerverse),,,,false,popshopguide,https://www.popshopguide.com/funko-pop-checklists/pop-marvel-checklist/pop-spider-man-2-gamerverse-checklist/,false,
1026,Scream,Scream,Pop! Spider-Man 2 (Gamerverse),,,,false,popshopguide,https://www.popshopguide.com/funko-pop-checklists/pop-marvel-checklist/pop-spider-man-2-gamerverse-checklist/,false,
1027,Black Suit Harry Osborn,Harry Osborn,Pop! Spider-Man 2 (Gamerverse),,,,false,popshopguide,https://www.popshopguide.com/funko-pop-checklists/pop-marvel-checklist/pop-spider-man-2-gamerverse-checklist/,false,
1028,City Sounds Suit Miles Morales,Miles Morales,Pop! Spider-Man 2 (Gamerverse),,,,false,popshopguide,https://www.popshopguide.com/funko-pop-checklists/pop-marvel-checklist/pop-spider-man-2-gamerverse-checklist/,false,
1029,Advanced Suit 2.0 Symbiote Takeover,Peter Parker,Pop! Spider-Man 2 (Gamerverse),,Hot Topic,,false,popshopguide,https://www.popshopguide.com/funko-pop-checklists/pop-marvel-checklist/pop-spider-man-2-gamerverse-checklist/,false,
1059,Spider-Man 2099,Spider-Man 2099,Pop! Spider-Man (Gamerverse),,SDCC 2022 / Amazon,,false,popshopguide,https://www.popshopguide.com/funko-pop-checklists/pop-marvel-checklist/pop-spider-man-gamerverse-checklist/,false,
1067,Spider-Man Bug Eyes,Spider-Man,Pop! Marvel,2022,Winter Convention 2022,,true,funkypriceguide,https://funkypriceguide.com/checklist/funko-pop-spider-man/,false,
1073,Spider-Man (Masked) (Chase – Glow),Spider-Man,Pop! Spider-Man: No Way Home,,AAA Anime,chase|glow,true,funkypriceguide,https://funkypriceguide.com/checklist/funko-pop-spider-man/,false,also listed by: psg
1073,Spider-Man (Unmasked),Spider-Man,Pop! Spider-Man: No Way Home,,AAA Anime,,true,funkypriceguide,https://funkypriceguide.com/checklist/funko-pop-spider-man/,false,also listed by: psg
1090,Spider-Man,Spider-Man,Pop! Spider-Man: Across the Spider-Verse,,Marvel Collector Corps (MCC),,false,popshopguide,https://www.popshopguide.com/funko-pop-checklists/pop-marvel-checklist/pop-spider-man-across-the-spider-verse-checklist/,false,
1091,Spider-Gwen,Spider-Gwen,Pop! Spider-Man: Across the Spider-Verse,,Marvel Collector Corps (MCC),,false,popshopguide,https://www.popshopguide.com/funko-pop-checklists/pop-marvel-checklist/pop-spider-man-across-the-spider-verse-checklist/,false,
1123,Statue of Liberty,Statue of Liberty,Pop! Spider-Man: No Way Home,,NYCC 2022 / Amazon,,false,popshopguide,https://www.popshopguide.com/funko-pop-checklists/pop-marvel-checklist/pop-spider-man-no-way-home-checklist/,false,
1136,Spider-Man,Spider-Man,Pop! Marvel,,Amazon,,true,funkypriceguide,https://funkypriceguide.com/checklist/funko-pop-spider-man/,true,exclusivity 'Amazon' added from a targeted web lookup (stockx/ebay/pricecharting listings all show #1136 as the Amazon exclusive); funkypriceguide left the field blank. Note #1151 is also an Amazon Spider-Man - check the box number when matching a shelf photo
1151,Spider-Man,Spider-Man,Pop! Marvel,,Amazon,,true,funkypriceguide,https://funkypriceguide.com/checklist/funko-pop-spider-man/,false,
1154,Electro (Glow),Electro,Pop! Spider-Man: No Way Home,,Marvel Collector Corps (MCC),glow,false,popshopguide,https://www.popshopguide.com/funko-pop-checklists/pop-marvel-checklist/pop-spider-man-no-way-home-checklist/,false,
1155,Friendly Neighborhood Spider-Man (Unmasked),Friendly Neighborhood Spider-Man,Pop! Spider-Man: No Way Home,,Marvel Collector Corps (MCC),,false,popshopguide,https://www.popshopguide.com/funko-pop-checklists/pop-marvel-checklist/pop-spider-man-no-way-home-checklist/,false,
1157,Spider-Man (Leaping),Spider-Man,Pop! Spider-Man: No Way Home,,,,false,popshopguide,https://www.popshopguide.com/funko-pop-checklists/pop-marvel-checklist/pop-spider-man-no-way-home-checklist/,false,
1158,Friendly Neighborhood Spider-Man (Leaping),Friendly Neighborhood Spider-Man,Pop! Spider-Man: No Way Home,,,,false,popshopguide,https://www.popshopguide.com/funko-pop-checklists/pop-marvel-checklist/pop-spider-man-no-way-home-checklist/,false,
1158,Friendly Neighborhood Spider-Man (Leaping) (Metallic),Friendly Neighborhood Spider-Man,Pop! Spider-Man: No Way Home,,Hot Topic,metallic,false,popshopguide,https://www.popshopguide.com/funko-pop-checklists/pop-marvel-checklist/pop-spider-man-no-way-home-checklist/,false,
1159,The Amazing Spider-Man,The Amazing Spider-Man,Pop! Spider-Man: No Way Home,,,,false,popshopguide,https://www.popshopguide.com/funko-pop-checklists/pop-marvel-checklist/pop-spider-man-no-way-home-checklist/,false,
1160,Spider-Man (Finale Suit),Spider-Man,Pop! Spider-Man: No Way Home,,,,false,popshopguide,https://www.popshopguide.com/funko-pop-checklists/pop-marvel-checklist/pop-spider-man-no-way-home-checklist/,false,
1160,Spider-Man (Finale Suit) (Diamond),Spider-Man,Pop! Spider-Man: No Way Home,,Target Con 2023 T-Shirt Bundle,diamond,false,popshopguide,https://www.popshopguide.com/funko-pop-checklists/pop-marvel-checklist/pop-spider-man-no-way-home-checklist/,false,
1161,MJ (with Box),MJ,Pop! Spider-Man: No Way Home,,,,false,popshopguide,https://www.popshopguide.com/funko-pop-checklists/pop-marvel-checklist/pop-spider-man-no-way-home-checklist/,false,
1162,Doctor Strange,Doctor Strange,Pop! Spider-Man: No Way Home,,,,false,popshopguide,https://www.popshopguide.com/funko-pop-checklists/pop-marvel-checklist/pop-spider-man-no-way-home-checklist/,false,
1163,Doc Ock,Doc Ock,Pop! Spider-Man: No Way Home,,,,false,popshopguide,https://www.popshopguide.com/funko-pop-checklists/pop-marvel-checklist/pop-spider-man-no-way-home-checklist/,false,
1164,Electro (Finale),Electro,Pop! Spider-Man: No Way Home,,,,false,popshopguide,https://www.popshopguide.com/funko-pop-checklists/pop-marvel-checklist/pop-spider-man-no-way-home-checklist/,false,
1164,Electro (Finale) (Glow),Electro,Pop! Spider-Man: No Way Home,,T-Shirt Bundle,glow,false,popshopguide,https://www.popshopguide.com/funko-pop-checklists/pop-marvel-checklist/pop-spider-man-no-way-home-checklist/,false,
1165,Green Goblin,Green Goblin,Pop! Spider-Man: No Way Home,,,,false,popshopguide,https://www.popshopguide.com/funko-pop-checklists/pop-marvel-checklist/pop-spider-man-no-way-home-checklist/,false,
1168,Green Goblin (with Bombs) (Metallic),Green Goblin,Pop! Spider-Man: No Way Home,,BoxLunch,metallic,false,popshopguide,https://www.popshopguide.com/funko-pop-checklists/pop-marvel-checklist/pop-spider-man-no-way-home-checklist/,false,
1169,Spider-Man (Unmasked),Spider-Man,Pop! Spider-Man: No Way Home,,Funko Shop,,false,popshopguide,https://www.popshopguide.com/funko-pop-checklists/pop-marvel-checklist/pop-spider-man-no-way-home-checklist/,false,
1170,Ned (with Cloak),Ned,Pop! Spider-Man: No Way Home,,Walmart,,false,popshopguide,https://www.popshopguide.com/funko-pop-checklists/pop-marvel-checklist/pop-spider-man-no-way-home-checklist/,false,
1171,The Amazing Spider-Man (Unmasked),The Amazing Spider-Man,Pop! Spider-Man: No Way Home,,PX Previews,,false,popshopguide,https://www.popshopguide.com/funko-pop-checklists/pop-marvel-checklist/pop-spider-man-no-way-home-checklist/,false,
1179,Spider-Man (Figure 1/8) (Deluxe),Spider-Man,Pop! Spider-Man: No Way Home,,Target Con 2023,,false,popshopguide,https://www.popshopguide.com/funko-pop-checklists/pop-marvel-checklist/pop-spider-man-no-way-home-checklist/,false,
1180,The Lizard (Figure 2/8) (Deluxe),The Lizard,Pop! Spider-Man: No Way Home,,Target Con 2023,,false,popshopguide,https://www.popshopguide.com/funko-pop-checklists/pop-marvel-checklist/pop-spider-man-no-way-home-checklist/,false,
1181,Sandman (Figure 3/8) (Deluxe),Sandman,Pop! Spider-Man: No Way Home,,Target,,false,popshopguide,https://www.popshopguide.com/funko-pop-checklists/pop-marvel-checklist/pop-spider-man-no-way-home-checklist/,false,
1182,Electro (Figure 4/8) (Deluxe),Electro,Pop! Spider-Man: No Way Home,,Target,,false,popshopguide,https://www.popshopguide.com/funko-pop-checklists/pop-marvel-checklist/pop-spider-man-no-way-home-checklist/,false,
1183,Friendly Neighborhood Spider-Man (Figure 5/8) (Deluxe),Friendly Neighborhood Spider-Man,Pop! Spider-Man: No Way Home,,Target,,false,popshopguide,https://www.popshopguide.com/funko-pop-checklists/pop-marvel-checklist/pop-spider-man-no-way-home-checklist/,false,
1184,Doc Ock (Figure 6/8) (Deluxe),Doc Ock,Pop! Spider-Man: No Way Home,,Target,,false,popshopguide,https://www.popshopguide.com/funko-pop-checklists/pop-marvel-checklist/pop-spider-man-no-way-home-checklist/,false,
1185,Green Goblin (Figure 7/8) (Deluxe),Green Goblin,Pop! Spider-Man: No Way Home,,Target,,false,popshopguide,https://www.popshopguide.com/funko-pop-checklists/pop-marvel-checklist/pop-spider-man-no-way-home-checklist/,false,
1186,The Amazing Spider-Man (Figure 8/8) (Deluxe),The Amazing Spider-Man,Pop! Spider-Man: No Way Home,,Target,,false,popshopguide,https://www.popshopguide.com/funko-pop-checklists/pop-marvel-checklist/pop-spider-man-no-way-home-checklist/,false,
1221,Matt Murdock,Matt Murdock,Pop! Spider-Man: No Way Home,,Entertainment Earth,,false,popshopguide,https://www.popshopguide.com/funko-pop-checklists/pop-marvel-checklist/pop-spider-man-no-way-home-checklist/,false,
1223,Spider-Man,Spider-Man,Pop! Spider-Man: Across the Spider-Verse,,,,false,popshopguide,https://www.popshopguide.com/funko-pop-checklists/pop-marvel-checklist/pop-spider-man-across-the-spider-verse-checklist/,false,
1223,Spider-Man (Translucent),Spider-Man,Pop! Spider-Man: Across the Spider-Verse,,Amazon,translucent,false,popshopguide,https://www.popshopguide.com/funko-pop-checklists/pop-marvel-checklist/pop-spider-man-across-the-spider-verse-checklist/,false,
1224,Spider-Gwen,Spider-Gwen,Pop! Spider-Man: Across the Spider-Verse,,,,false,popshopguide,https://www.popshopguide.com/funko-pop-checklists/pop-marvel-checklist/pop-spider-man-across-the-spider-verse-checklist/,false,
1225,Spider-Man 2099,Spider-Man 2099,Pop! Spider-Man: Across the Spider-Verse,,,,false,popshopguide,https://www.popshopguide.com/funko-pop-checklists/pop-marvel-checklist/pop-spider-man-across-the-spider-verse-checklist/,false,
1226,The Spot,The Spot,Pop! Spider-Man: Across the Spider-Verse,,,,false,popshopguide,https://www.popshopguide.com/funko-pop-checklists/pop-marvel-checklist/pop-spider-man-across-the-spider-verse-checklist/,false,
1226,The Spot (Glow) (Black Light),The Spot,Pop! Spider-Man: Across the Spider-Verse,,Target T-Shirt Bundle,glow|blacklight,false,popshopguide,https://www.popshopguide.com/funko-pop-checklists/pop-marvel-checklist/pop-spider-man-across-the-spider-verse-checklist/,false,
1227,Spider-Man India,Spider-Man India,Pop! Spider-Man: Across the Spider-Verse,,,,false,popshopguide,https://www.popshopguide.com/funko-pop-checklists/pop-marvel-checklist/pop-spider-man-across-the-spider-verse-checklist/,false,
1227,Spider-Man India (Deco),Spider-Man India,Pop! Spider-Man: Across the Spider-Verse,,FYE,,false,popshopguide,https://www.popshopguide.com/funko-pop-checklists/pop-marvel-checklist/pop-spider-man-across-the-spider-verse-checklist/,false,
1228,Spider-Woman,Spider-Woman,Pop! Spider-Man: Across the Spider-Verse,,,,false,popshopguide,https://www.popshopguide.com/funko-pop-checklists/pop-marvel-checklist/pop-spider-man-across-the-spider-verse-checklist/,false,
1229,Spider-Byte,Spider-Byte,Pop! Spider-Man: Across the Spider-Verse,,,,false,popshopguide,https://www.popshopguide.com/funko-pop-checklists/pop-marvel-checklist/pop-spider-man-across-the-spider-verse-checklist/,false,
1230,Medieval Vulture,Medieval Vulture,Pop! Spider-Man: Across the Spider-Verse,,,,false,popshopguide,https://www.popshopguide.com/funko-pop-checklists/pop-marvel-checklist/pop-spider-man-across-the-spider-verse-checklist/,false,
1231,Spider-Punk,Spider-Punk,Pop! Spider-Man: Across the Spider-Verse,,Funko Shop,,false,popshopguide,https://www.popshopguide.com/funko-pop-checklists/pop-marvel-checklist/pop-spider-man-across-the-spider-verse-checklist/,false,
1232,Scarlet Spider,Scarlet Spider,Pop! Spider-Man: Across the Spider-Verse,,Walmart,,false,popshopguide,https://www.popshopguide.com/funko-pop-checklists/pop-marvel-checklist/pop-spider-man-across-the-spider-verse-checklist/,false,
1233,Miles Morales,Miles Morales,Pop! Spider-Man: Across the Spider-Verse,,Target,,false,popshopguide,https://www.popshopguide.com/funko-pop-checklists/pop-marvel-checklist/pop-spider-man-across-the-spider-verse-checklist/,false,
1233,Miles Morales (Black Light),Miles Morales,Pop! Spider-Man: Across the Spider-Verse,,Target,blacklight,false,popshopguide,https://www.popshopguide.com/funko-pop-checklists/pop-marvel-checklist/pop-spider-man-across-the-spider-verse-checklist/,false,
1234,Gwen Stacy,Gwen Stacy,Pop! Spider-Man: Across the Spider-Verse,,GameStop,,false,popshopguide,https://www.popshopguide.com/funko-pop-checklists/pop-marvel-checklist/pop-spider-man-across-the-spider-verse-checklist/,false,
1236,Spider-Man (10 inch),Spider-Man,Pop! Spider-Man: Across the Spider-Verse,,Target,oversized,false,popshopguide,https://www.popshopguide.com/funko-pop-checklists/pop-marvel-checklist/pop-spider-man-across-the-spider-verse-checklist/,false,
1236,Spider-Man (10 inch) (Black Light),Spider-Man,Pop! Spider-Man: Across the Spider-Verse,,Target,blacklight|oversized,false,popshopguide,https://www.popshopguide.com/funko-pop-checklists/pop-marvel-checklist/pop-spider-man-across-the-spider-verse-checklist/,false,
1239,Peter B. Parker & Mayday,Peter B. Parker & Mayday,Pop! Spider-Man: Across the Spider-Verse,,Hot Topic,,false,popshopguide,https://www.popshopguide.com/funko-pop-checklists/pop-marvel-checklist/pop-spider-man-across-the-spider-verse-checklist/,false,
1267,Spider-Man 2099 (Glow),Spider-Man 2099,Pop! Spider-Man: Across the Spider-Verse,,Entertainment Earth,glow,false,popshopguide,https://www.popshopguide.com/funko-pop-checklists/pop-marvel-checklist/pop-spider-man-across-the-spider-verse-checklist/,false,
1294,Miles Morales (Winter Suit),Miles Morales,Pop! Spider-Man: Miles Morales (Gamerverse),,Hot Topic,,false,popshopguide,https://www.popshopguide.com/funko-pop-checklists/pop-marvel-checklist/pop-spider-man-miles-morales-gamerverse-checklist/,false,
1333,Spider-Man,Spider-Man,Pop! Marvel,,,,true,funkypriceguide,https://funkypriceguide.com/checklist/funko-pop-spider-man/,false,
1355,Spider-Man,Spider-Man,Pop! Spider-Man: Blue,,Marvel Collector Corps (MCC),,false,popshopguide,https://www.popshopguide.com/funko-pop-checklists/pop-marvel-checklist/pop-spider-man-blue-checklist/,false,
1356,Gwen Stacy,Gwen Stacy,Pop! Spider-Man: Blue,,Marvel Collector Corps (MCC),,false,popshopguide,https://www.popshopguide.com/funko-pop-checklists/pop-marvel-checklist/pop-spider-man-blue-checklist/,false,
1409,Spider-Man 2099 (Unmasked),Spider-Man 2099,Pop! Spider-Man: Across the Spider-Verse,,,,false,popshopguide,https://www.popshopguide.com/funko-pop-checklists/pop-marvel-checklist/pop-spider-man-across-the-spider-verse-checklist/,false,
1410,Mayday Parker,Mayday Parker,Pop! Spider-Man: Across the Spider-Verse,,,,false,popshopguide,https://www.popshopguide.com/funko-pop-checklists/pop-marvel-checklist/pop-spider-man-across-the-spider-verse-checklist/,false,
1411,Spider-Punk (Unmasked),Spider-Punk,Pop! Spider-Man: Across the Spider-Verse,,,,false,popshopguide,https://www.popshopguide.com/funko-pop-checklists/pop-marvel-checklist/pop-spider-man-across-the-spider-verse-checklist/,false,
1412,Miles G Morales,Miles G Morales,Pop! Spider-Man: Across the Spider-Verse,,,,false,popshopguide,https://www.popshopguide.com/funko-pop-checklists/pop-marvel-checklist/pop-spider-man-across-the-spider-verse-checklist/,false,
1445,Spider-Man (Fear Itself Suit),Spider-Man,Pop! Marvel,,,glow,true,manual,https://funko.com/pop-spider-man-fear-itself-suit-glow/83750.html,true,"owner-collection figure absent from all three scraped checklists; details confirmed by web lookup (Funko lists it as 'Pop! Spider-Man (Fear Itself Suit) (Glow)', a glow-in-the-dark comics release); counts_toward_total=true: a Peter Parker Spider-Man figure in the same Pop! Marvel comics line as the funkypriceguide core checklist, which is stale past #1333"
1449,Spider-Man (with Dog),Spider-Man,Pop! Marvel,,Entertainment Earth,,true,manual,https://www.tallmantoys.com/products/spider-man-1449-with-dog-exclusive-funko-pop-vinyl-figure-marvel,true,"owner-collection figure absent from all three scraped checklists; web lookup identifies #1449 as the Entertainment Earth exclusive 'Spider-Man with Dog / with Sandwich' - exact printed name unverified; counts_toward_total=true: a Peter Parker Spider-Man figure in the same Pop! Marvel comics line as the funkypriceguide core checklist, which is stale past #1333"
1450,Spider-Man (Last Stand),Spider-Man,Pop! Marvel,,PX Previews,,true,manual,https://funko.com/pop-spider-man-last-stand/84387.html,true,"owner-collection figure absent from all three scraped checklists; web lookup confirms a PREVIEWS Exclusive comics release (LE 15,000) based on the 'Last Stand' storyline; counts_toward_total=true: a Peter Parker Spider-Man figure in the same Pop! Marvel comics line as the funkypriceguide core checklist, which is stale past #1333"
1451,Fantastic Four Spider-Man,Spider-Man,Pop! Marvel,2024,Target,,true,manual,https://funko.com/pop-fantastic-four-spider-man/84525.html,true,"owner-collection figure absent from all three scraped checklists; web lookup confirms a 2024 Target exclusive Spider-Man in the Fantastic Four blue suit; counts_toward_total=true: a Peter Parker Spider-Man figure in the same Pop! Marvel comics line as the funkypriceguide core checklist, which is stale past #1333"
1479,Spider-Gwen (Upside Down),Spider-Gwen,Pop! Spider-Man: Across the Spider-Verse,,Entertainment Earth,,false,popshopguide,https://www.popshopguide.com/funko-pop-checklists/pop-marvel-checklist/pop-spider-man-across-the-spider-verse-checklist/,false,
1509,Spider-Cat (Flocked),Spider-Cat,Pop! Spider-Man: Across the Spider-Verse,,"Funko Shop (LE Ultra 5,000 pcs)",flocked,false,popshopguide,https://www.popshopguide.com/funko-pop-checklists/pop-marvel-checklist/pop-spider-man-across-the-spider-verse-checklist/,false,
1526,Friendly Neighborhood Spider-Man,Friendly Neighborhood Spider-Man,Pop! Your Friendly Neighborhood Spider-Man,,,,false,popshopguide,https://www.popshopguide.com/funko-pop-checklists/pop-marvel-checklist/pop-your-friendly-neighborhood-spider-man-checklist/,false,
1527,Spider-Man (Homemade Suit),Spider-Man,Pop! Your Friendly Neighborhood Spider-Man,,,,false,popshopguide,https://www.popshopguide.com/funko-pop-checklists/pop-marvel-checklist/pop-your-friendly-neighborhood-spider-man-checklist/,false,
1528,Alien Monster (6 inch),Alien Monster,Pop! Your Friendly Neighborhood Spider-Man,,,oversized,false,popshopguide,https://www.popshopguide.com/funko-pop-checklists/pop-marvel-checklist/pop-your-friendly-neighborhood-spider-man-checklist/,false,
1529,Spider-Man (Oscorp Suit),Spider-Man,Pop! Your Friendly Neighborhood Spider-Man,,Funko Shop,,false,popshopguide,https://www.popshopguide.com/funko-pop-checklists/pop-marvel-checklist/pop-your-friendly-neighborhood-spider-man-checklist/,false,
1530,Friendly Neighborhood Spider-Man (Unmasked),Friendly Neighborhood Spider-Man,Pop! Your Friendly Neighborhood Spider-Man,,Target,,false,popshopguide,https://www.popshopguide.com/funko-pop-checklists/pop-marvel-checklist/pop-your-friendly-neighborhood-spider-man-checklist/,false,
1531,Peter Parker,Peter Parker,Pop! Your Friendly Neighborhood Spider-Man,,Entertainment Earth,,false,popshopguide,https://www.popshopguide.com/funko-pop-checklists/pop-marvel-checklist/pop-your-friendly-neighborhood-spider-man-checklist/,false,
1532,Doctor Strange,Doctor Strange,Pop! Your Friendly Neighborhood Spider-Man,,,,false,popshopguide,https://www.popshopguide.com/funko-pop-checklists/pop-marvel-checklist/pop-your-friendly-neighborhood-spider-man-checklist/,false,
,"Captain America, Iron Man, Hawkeye, Spider-Man (4 Pack)",Spider-Man,Pop! Marvel,,,multipack,false,cardboardconnection,https://www.cardboardconnection.com/funko-pop-spider-man-figures,false,
,Iron Man and Spider-Man (2 Pack),Iron Man & Spider-Man,Pop! Spider-Man: Homecoming,,Target,multipack,true,funkypriceguide,https://funkypriceguide.com/checklist/funko-pop-spider-man/,false,"also listed by: cc, psg; in the funkypriceguide core checklist but not a Peter Parker Spider-Man figure; flip counts_toward_total to false if the shelf stat should be strictly Peter-only"
,Miles Morales: Classic Suit / S.T.R.I.K.E. Suit / Bodega Cat Suit / T.R.A.C.K. Suit (Black Light) (4 Pack),Miles Morales,Pop! Spider-Man: Miles Morales (Gamerverse),,,blacklight|multipack,false,popshopguide,https://www.popshopguide.com/funko-pop-checklists/pop-marvel-checklist/pop-spider-man-miles-morales-gamerverse-checklist/,false,
,Peter Parker and Spider-Man (2 Pack),Peter Parker & Spider-Man,Pop! Spider-Man: Homecoming,,Best Buy,multipack,true,funkypriceguide,https://funkypriceguide.com/checklist/funko-pop-spider-man/,false,"also listed by: cc, psg; in the funkypriceguide core checklist but not a Peter Parker Spider-Man figure; flip counts_toward_total to false if the shelf stat should be strictly Peter-only"
,Spider-Gwen & Spider-Woman (Black Light) (2 Pack),Spider-Gwen & Spider-Woman,Pop! Spider-Man: Across the Spider-Verse,,Target,blacklight|multipack,false,popshopguide,https://www.popshopguide.com/funko-pop-checklists/pop-marvel-checklist/pop-spider-man-across-the-spider-verse-checklist/,false,
,Spider-Man 2099 & Spider-Man India (Black Light) (2 Pack),Spider-Man 2099 & Spider-Man India,Pop! Spider-Man: Across the Spider-Verse,,Target,blacklight|multipack,false,popshopguide,https://www.popshopguide.com/funko-pop-checklists/pop-marvel-checklist/pop-spider-man-across-the-spider-verse-checklist/,false,
,Spider-Man vs. Spider-Man (2 Pack),Spider-Man,Pop! Marvel,,Entertainment Earth,multipack,true,funkypriceguide,https://funkypriceguide.com/checklist/funko-pop-spider-man/,false,also listed by: cc; in the funkypriceguide core checklist but not a Peter Parker Spider-Man figure; flip counts_toward_total to false if the shelf stat should be strictly Peter-only
,Spider-Man: No Way Home (3 Pack),,Pop! Spider-Man: No Way Home,,Amazon,multipack,false,popshopguide,https://www.popshopguide.com/funko-pop-checklists/pop-marvel-checklist/pop-spider-man-no-way-home-checklist/,true,"popshopguide does not name which figures are inside this combo box, so character was left empty rather than guessed"
,Spider-Man: No Way Home (8 Pack),,Pop! Spider-Man: No Way Home,,Walmart,multipack,false,popshopguide,https://www.popshopguide.com/funko-pop-checklists/pop-marvel-checklist/pop-spider-man-no-way-home-checklist/,true,"popshopguide does not name which figures are inside this combo box, so character was left empty rather than guessed"
